URL,店舗名,評価,レビュー数,価格帯,料理ジャンル,住所,電話番号,営業時間,定休日,総席数,個室,喫煙,駐車場,カード利用,Wi-Fi,その他設備,ランチメニュー,ディナーメニュー,特別メニュー,ドリンク,その他メニュー,特徴,雰囲気,対象客層,利用シーン,関連情報
https://tabelog.com/tokyo/A1303/A130303/13313934/,鮨屋 りょう,-,,"￥20,000～￥29,999",寿司,東京都渋谷区恵比寿西2-17-8 ITO代官山 1F,080-1496-5223,"火・水・木・金・土・日
                        
                      
                          
                            17:30 - 22:30
                          
                      
                    
                    
                        
                          月
                        
                      
                          
                            定休日
                          
                      
                    
                

                  営業時間・定休日は変更となる場合がございますので、ご来店前に店舗にご確認ください。","火・水・木・金・土・日
                        
                      
                          
                            17:30 - 22:30
                          
                      
                    
                    
                        
                          月
                        
                      
                          
                            定休日
                          
                      
                    
                

                  営業時間・定休日は変更となる場合がございますので、ご来店前に店舗にご確認ください。","6席
                  
                    （カウンター6席）",無,全席禁煙,無,,,"店名: 鮨屋 りょう, ジャンル: 寿司, 予約・
                お問い合わせ: 080-1496-5223, 予約可否: 予約可, 住所: 東京都渋谷区恵比寿西2-17-8 ITO代官山 1F

              
                
                    
                

                
                  
                      大きな地図を見る
                  
                    
                      周辺のお店を探す, 交通手段: ＪＲ恵比寿駅西口より徒歩8分地下鉄日比谷線恵比寿駅2番出口より徒歩7分東急東横線「代官山駅」正面口より徒歩4分
              代官山駅から190m, 営業時間: 火・水・木・金・土・日
                        
                      
                          
                            17:30 - 22:30
                          
                      
                    
                    
                        
                          月
                        
                      
                          
                            定休日
                          
                      
                    
                

                  営業時間・定休日は変更となる場合がございますので、ご来店前に店舗にご確認ください。, 予算: ￥20,000～￥29,999, 支払い方法: カード可
                    
                      （VISA、Master、JCB、AMEX、Diners、UnionPay）
                    
                
                
                  QRコード決済不可, 最大予約可能人数: 着席時 6人, 空間・設備: 落ち着いた空間、カウンター席あり、無料Wi-Fiあり, ドリンク: 日本酒あり、焼酎あり、ワインあり, 料理: 魚料理にこだわる, ロケーション: 隠れ家レストラン, 公式アカウント: https://www.instagram.com/tabutabu1981, オープン日: 2025年9月2日",,,,,,,,,,
